generation,best_fitness,mean_fitness,std_fitness,best_ever,mean_links,max_links
0,0.9887786051535807,0.17158400697104542,0.22409929174232812,0,23.65,94
1,1.247996640264134,0.20974440469504377,0.29352629883433956,0.9887786051535807,16.2,42
2,1.9167220649413885,0.37678626530545467,0.46555553871762106,1.247996640264134,11.175,40
3,2.7148842141328826,0.38602220432162726,0.6255385099763818,1.9167220649413885,13.625,45
4,2.7148842141328826,0.5011836575147295,0.6314953724384286,2.7148842141328826,15.175,47
5,2.7148842141328826,0.5594006151976145,0.7461232348357573,2.7148842141328826,20.15,93
6,2.7148842141328826,0.6039355504463474,0.6831759186736429,2.7148842141328826,22.325,99
