experiment,config,best,mean,std
sensory_input,no_sensor,2.7651962028908983,2.6411431237238534,0.10931977545148724
sensory_input,with_sensor,3.166187540504146,2.791345276259648,0.3246547416952982
